{
  "x": [
    1.1107, 0.020536, 0.79658, 0.98831, 0.69839, 0.07, 1.4873, 0.69712, 2.51,
    4.14e-6, 0.006, 1.0819, 34.772, 560, 185, 17.386, 185, 560, 17.386, 560,
    3.3, 4.3465, 100, 3.675, 2, 1, 4, 3, 1.5, 3, 2, 0.3, 3.16, 1, 1, 0.248,
    2.02703, 1.53, 0.0414, 30000, 0.81, 0.56, 0.0191, 4.14e-6, 1.6932, 39.5,
    36.5829, 0.5, 1.5, 1.8821, 0.0625, 185, 560, 34.772, 0.75, 0.75, 1, 0.2,
    186.7, 64.2857, 0.23586, 36.4, 2, 713.56, 0.16, 0.15, 0.065755, 0.0028345,
    1.0789, 1.3961, 0.25934, 9.0718, 47.9795, 0.026515, 3.13481, 0.002, 0.045,
    70, 4, 2, 0.4, 19.7806, 2, 7.15076, 120, 2, 110, 4, 110
  ],
  "ic": [
    1, 0.248, 2.02703, 1.53, 0, 28200, 2, 36.5829, 713.56, 163.56289512175562,
    28.693593145460916, 31.23737529301922, 178.68726160542809, 64.2857, 0,
    1.0789
  ]
}
