{
  "x": [
    0.62293, 0.0077847, 0.79658, 0.51063, 0.69839, 0.37219, 1.48728, 0.69712,
    2.51, 4.14e-6, 0.006, 1.08192, 34.772, 560, 185, 17.386, 185, 560, 17.386,
    560, 3.3, 4.3465, 100, 3.675, 2, 1, 4, 3, 1.5, 3, 2, 0.3, 3.16, 1, 1.118,
    0.2345, 3.0105, 1.0475, 0.0414, 30000, 0.81, 0.515, 0.017, 4.14e-6, 1.69321,
    39.5, 36.825, 0.5, 1.5, 2.66637, 0.0625, 185, 560, 34.772, 0.75, 0.75, 1,
    0.5, 189.724, 60.55744958, 0.24705, 36.3, 2, 781.15, 0.17881, 0.15,
    0.065657, 0.0028661, 1.30116, 1.39817, 0.25972, 8.97171, 47.45039, 0.026515,
    3.09564, 0.002, 0.045, 170, 4, 2, 0.4, 4.88645, 0.65, 1.85267, 230, 2, 143,
    4, 143
  ],
  "ic": [
    1.118, 0.2345, 3.0105, 1.0475, 0, 28200, 2, 36.825, 781.15,
    169.63205720417739, 30.041001244732009, 29.63232442578839,
    168.44061496045373, 60.55744958, 0, 1.30116
  ]
}
