{
  "x": [
    1.03876, 0.01644, 1.20757, 0.19074, 0.87956, 0.27149, 0.92019, 0.75478,
    2.51, 4.14e-6, 0.006, 1.44958, 34.772, 560, 185, 17.386, 185, 560, 17.386,
    560, 3.3, 4.3465, 100, 3.675, 2, 1, 4, 3, 1.5, 3, 2, 0.3, 3.16, 1, 1.05,
    0.22, 3.54, 0.85, 0.0414, 30000, 0.81, 0.56, 0.0191, 4.14e-6, 0.87171, 39.5,
    36.5, 0.5, 1.5, 0.7673, 0.0625, 185, 560, 34.772, 0.75, 0.75, 1, 0.34,
    190.41, 72.51997, 0.18276, 36.55, 2, 1334, 0.46811, 0.17568, 0.06106604766,
    0.00269903513, 1.26977203816, 1.5593339443256744, 0.27924898093,
    9.52721416516, 50.38837714017, 0.026515, 3.05745, 0.002, 0.045, 130, 4, 2,
    0.4, 3.71878, 0.5, 2.19712, 230, 2, 143, 4, 143
  ],
  "ic": [
    1.05, 0.22, 3.54, 0.85, 0, 28200, 2, 36.5, 1334, 193.3445780331152,
    33.078217366309929, 29.197157593752276, 166.75320832886311, 72.51997, 0,
    1.26977203816
  ]
}
