{
  "Janum": {
    "input": { "LPS": { "t": [-Infinity, 0], "f": [0, 2] } },
    "BP": {
      "Time": [0, 0.5, 1, 1.25, 1.5, 1.75, 2, 2.5, 3, 3.5, 4, 4.5, 5, 6],
      "Mean": [
        118.4, 121.7222222, 122.0666667, 130.8529412, 129.1923077, 128.1538462,
        127.2352941, 125.2, 122.5666667, 122.15625, 121.9285714, 118.7894737,
        114.8571429, 117.3125
      ],
      "SD": [
        7.714647722, 7.119199852, 8.447033855, 11.95533969, 8.985030285,
        8.325124162, 9.990804596, 9.471385477, 10.13985536, 8.621134399,
        10.14103838, 9.185307999, 6.981923284, 10.24837385
      ],
      "SEM": [
        2.4395858147349476, 2.2512886650253634, 2.6711866454352484,
        3.7806103621411355, 2.8413160546191825, 2.63263541556206,
        3.159369818103837, 2.9951150704760328, 3.20650380822666,
        2.7262420715266846, 3.2068779119984128, 2.9046494287003619,
        2.2078780026002645, 3.2408203678908802
      ],
      "unit": "mmHg"
    },
    "HR": {
      "Time": [0, 0.5, 1, 1.25, 1.5, 1.75, 2, 2.5, 3, 3.5, 4, 4.5, 5, 5.1029],
      "Mean": [
        60.55744958, 62.66655832, 66.47162362, 69.23532622, 69.27660892,
        74.34773016, 77.66404176, 84.31077693, 87.19094182, 89.76168645,
        90.98564839, 89.6853249, 88.29288324, 88.08231683
      ],
      "SD": [
        9.42118253, 9.892380445, 10.38619971, 12.56165204, 13.45164889,
        12.87959807, 10.54494546, 12.05127648, 12.08121246, 11.0502916,
        11.44096089, 13.65041678, 10.7418792, 11.23197457
      ],
      "SEM": [
        2.9792395046987608, 3.1282453687110032, 3.2844047316980296,
        3.9723431620900547, 4.2537848777275773, 4.072886524870877,
        3.3346045455851971, 3.8109482389216622, 3.8204148270005867,
        3.4944090265026295, 3.6179495033307134, 4.3166408035381583,
        3.3968804622387379, 3.5518622262290336
      ],
      "unit": "bpm"
    },
    "TNF": {
      "Time": [0, 1, 1.5, 2, 3, 4, 5, 6, 7, 8],
      "Mean": [
        1.118, 118.89225, 325.757, 334.7473313, 85.279, 34.3385, 19.928, 14.555,
        7.2775, 3.63875
      ],
      "SD": [
        0.260679275, 57.38528205, 215.8280676, 281.8663555, 44.91634855,
        16.64086197, 8.552681697, 6.154887232, 3.077443616, 1.538721808
      ],
      "SEM": [
        0.082434024780138948, 18.146819544917648, 68.250827660879082,
        89.133967915072859, 14.203796559600137, 5.2623026053676565,
        2.7045954264954086, 1.9463462394609192, 0.97317311973045961,
        0.48658655986522981
      ],
      "unit": "pg/mL"
    },
    "IL6": {
      "Time": [0, 1, 1.5, 2, 3, 4, 5, 6, 7, 8],
      "Mean": [
        1.0475, 25.5975, 240.5155, 790.5296609, 728.075, 306.809, 92.439,
        30.3415, 15.17075, 7.585375
      ],
      "SD": [
        0.516128044, 49.83602701, 144.3650192, 371.6971241, 481.4144379,
        299.2970483, 123.3832756, 34.72921374, 17.36460687, 8.682303435
      ],
      "SEM": [
        0.16321401833276022, 15.759535488527096, 45.652227512593917,
        117.54095118902636, 152.23661222536873, 94.646036959342624,
        39.017217606827828, 10.982341676521472, 5.4911708382607358,
        2.7455854191303679
      ],
      "unit": "pg/mL"
    },
    "IL8": {
      "Time": [0, 1, 1.5, 2, 3, 4, 5, 6, 7, 8],
      "Mean": [
        3.0105, 19.79175, 211.7145, 732.9200238, 685.5987528, 263.8198208,
        119.2645, 83.9415, 41.97075, 20.985375
      ],
      "SD": [
        0.767006999, 47.73659832, 232.5677632, 142.4171117, 170.3328123,
        165.8116357, 55.10451426, 40.77749641, 20.3887482, 10.1943741
      ],
      "SEM": [
        0.24254890981304905, 15.095637843976737, 73.544384204268965,
        45.036245075461466, 53.863964712994374, 52.434243137008771,
        17.42557744188279, 12.894976593493928, 6.447488295165825,
        3.2237441475829125
      ],
      "unit": "pg/mL"
    },
    "IL10": {
      "Time": [0, 1, 1.5, 2, 3, 4, 5, 6, 7, 8],
      "Mean": [
        0.2345, 4.1385, 10.7285, 23.87957835, 48.753, 20.65225, 8.048, 4.685,
        2.3425, 1.17125
      ],
      "SD": [
        0.161423764, 2.773886263, 2.88585712, 8.799331621, 25.44419717,
        14.34774203, 5.03450055, 2.799525336, 1.399762668, 0.699881334
      ],
      "SEM": [
        0.051046676271749261, 0.877179856133285, 0.91258815010138572,
        2.7825929809501511, 8.0461616291610483, 4.5371544095327909,
        1.5920488619370416, 0.88528764291081752, 0.44264382145540876,
        0.22132191072770438
      ],
      "unit": "pg/mL"
    },
    "TEMP": {
      "Time": [0, 0.5, 1, 1.25, 1.5, 1.75, 2, 2.5, 3, 3.5, 4, 4.5, 5, 6],
      "Mean": [
        36.825, 36.93, 36.98, 37.25, 37.58, 37.735, 37.995, 38.49, 38.76, 38.92,
        38.885, 38.63, 38.48, 38.23
      ],
      "SD": [
        0.364005494, 0.358505671, 0.388790297, 0.450146175, 0.479967104,
        0.54316325, 0.541416271, 0.569302436, 0.476168922, 0.457222737,
        0.405585996, 0.443787526, 0.464078033, 0.345040043
      ],
      "SEM": [
        0.11510864418547549, 0.11336944744469749, 0.12294628706933292,
        0.14234871930127457, 0.15177892505949131, 0.17176330112994523,
        0.17121085786349691, 0.18002923752422384, 0.15057783445070594,
        0.14458652469361422, 0.12825755344279416, 0.14033793793311936,
        0.1467543596330784, 0.1091112419842437
      ],
      "unit": "°C"
    },
    "PPT": {
      "Time": [0, 2, 6],
      "Mean": [781.15, 641.85, 637.75],
      "SD": [234.3809933, 183.6691175, 189.7557641],
      "SEM": [74.117777908066458, 58.081274713309107, 60.006041370161093],
      "unit": "kPa"
    },
    "meta": {
      "age": 24.68,
      "weight": 76.08,
      "height": 182.575,
      "doi": "10.1128/CDLI.12.1.60-67.2005"
    }
  },
  "Copeland": {
    "input": { "LPS": { "t": [-Infinity, 0], "f": [0, 2] } },
    "BP": {
      "Time": [0, 0.5, 1, 1.5, 2, 2.5, 3, 3.5, 4, 4.5, 5, 5.5, 6, 9],
      "Mean": [
        121.972, 124.567, 132.353, 138.062, 128.72, 122.491, 116.782, 113.149,
        111.592, 113.149, 111.592, 109.516, 108.997, 107.958
      ],
      "SD": [
        11.047258891915225, 11.73771059623639, 13.118614004878717,
        14.499549036297648, 8.28545207463057, 11.047258891915225,
        7.5950003703094051, 8.28545207463057, 7.9402262224699873,
        10.356807187594063, 7.2497745181488238, 6.9045486659882407,
        6.9045486659882407, 14.154291561360463
      ],
      "SEM": [
        3.49345, 3.71179, 4.14847, 4.58516, 2.62009, 3.49345, 2.40175, 2.62009,
        2.51092, 3.2751100000000006, 2.29258, 2.18341, 2.18341, 4.47598
      ]
    },
    "HR": {
      "Time": [0, 0.5, 1, 1.5, 2, 2.5, 3, 3.5, 4, 4.5, 5, 5.5, 6, 9],
      "Mean": [
        64.2857, 63.6364, 68.1818, 75.1082, 85.2814, 91.342, 92.2078, 91.9913,
        90.2597, 85.4978, 83.9827, 82.0346, 81.3853, 78.8793
      ],
      "SD": [
        11.171093685087419, 10.311776353713265, 12.316850126919627,
        11.887191461232549, 11.600752350774497, 14.32192390012599,
        8.02026347004885, 7.30416569390372, 6.3016288073005384,
        7.7338243595907974, 8.4499221357359264, 7.0177265834456675,
        9.1660199118810564, 13.605826123980858
      ],
      "SEM": [
        3.53261, 3.2608700000000006, 3.8949300000000004, 3.75906, 3.66848,
        4.52899, 2.53623, 2.30978, 1.99275, 2.44565, 2.6721, 2.2192, 2.89855,
        4.30254
      ]
    },
    "TNF": {
      "Time": [0, 2, 4, 6, 7, 9],
      "Mean": [1, 220.324, 17.9856, 17.9856, 8.9928, 4.4964],
      "SD": [
        20.835788972588727, 104.17886580600212, 23.812330254387117,
        17.85924769079034, 14.882706408991949, 11.906165127193558
      ],
      "SEM": [
        6.588855, 32.94425, 7.5301199999999993, 5.647590000000001, 4.706325,
        3.7650599999999996
      ]
    },
    "IL6": {
      "Time": [0, 2, 4, 6, 7, 9],
      "Mean": [1.53, 882, 100, 27.3, 13.65, 6.825],
      "SD": [
        88.628839753773164, 437.23548296084113, 100.44611325593938,
        82.720282059631543, 29.543009830144257, 23.634357267672844
      ],