{
  "dr_LPS_10": {
    "input": {
      "LPS": { "t": [-Infinity, 0], "f": [0, 10] },
      "dexa": { "t": [-Infinity], "f": [0] },
      "wash": { "t": [-Infinity, 0], "f": [0, 1] }
    },
    "TNF": {
      "time": 24,
      "mean": 57.420935,
      "SEM": 22.5569316467967,
      "subplot": 1
    }
  },
  "dr_LPS_50": {
    "input": {
      "LPS": { "t": [-Infinity, 0], "f": [0, 50] },
      "dexa": { "t": [-Infinity], "f": [0] },
      "wash": { "t": [-Infinity, 0], "f": [0, 1] }
    },
    "TNF": {
      "time": 24,
      "mean": 139.4169,
      "SEM": 25.933826792252937,
      "subplot": 1
    }
  },
  "dr_LPS_100": {
    "input": {
      "LPS": { "t": [-Infinity, 0], "f": [0, 100] },
      "dexa": { "t": [-Infinity], "f": [0] },
      "wash": { "t": [-Infinity, 0], "f": [0, 1] }
    },
    "TNF": {
      "time": 25,
      "mean": 288.8007,
      "SEM": 36.4897397824169,
      "subplot": 1
    }
  },
  "dr_LPS_250": {
    "input": {
      "LPS": { "t": [-Infinity, 0], "f": [0, 250] },
      "dexa": { "t": [-Infinity], "f": [0] },
      "wash": { "t": [-Infinity, 0], "f": [0, 1] }
    },
    "TNF": {
      "time": 24,
      "mean": 425.51125,
      "SEM": 54.010632762202469,
      "subplot": 1
    }
  },
  "dr_LPS_500": {
    "input": {
      "LPS": { "t": [-Infinity, 0], "f": [0, 500] },
      "dexa": { "t": [-Infinity], "f": [0] },
      "wash": { "t": [-Infinity, 0], "f": [0, 1] }
    },
    "TNF": {
      "time": 24,
      "mean": 462.02835,
      "SEM": 22.5569316467967,
      "subplot": 1
    }
  },
  "dr_LPS_1000": {
    "input": {
      "LPS": { "t": [-Infinity, 0], "f": [0, 1000] },
      "dexa": { "t": [-Infinity], "f": [0] },
      "wash": { "t": [-Infinity, 0], "f": [0, 1] }
    },
    "TNF": {
      "time": 25,
      "mean": 487.6485,
      "SEM": 22.5569316467967,
      "subplot": 1
    }
  },
  "LPS1000": {
    "input": {
      "LPS": { "t": [-Infinity, 0], "f": [0, 1000] },
      "dexa": { "t": [-Infinity], "f": [0] },
      "wash": { "t": [-Infinity, 0], "f": [0, 1] }
    },
    "TNF": {
      "time": [0, 1, 2, 4, 6, 24],
      "mean": [
        0, 9.941455, 28.008695000000003, 148.74803333333332, 270.71531666666664,
        383.80395000000004
      ],
      "SEM": [
        0, 23.858023705305449, 23.858023705305449, 23.858023705305449,
        23.858023705305449, 75.811555463993045
      ],
      "subplot": 2,
      "legend": "1000 ng/ml"
    }
  },
  "LPS100": {
    "input": {
      "LPS": { "t": [-Infinity, 0], "f": [0, 100] },
      "dexa": { "t": [-Infinity], "f": [0] },
      "wash": { "t": [-Infinity, 0], "f": [0, 1] }
    },
    "TNF": {
      "time": [0, 1, 2, 4, 6, 24],
      "mean": [
        0, 8.377615, 19.9963145, 88.877133333333333, 183.53203333333332,
        334.12508333333335
      ],
      "SEM": [
        0, 22.623728424153285, 22.623728424153285, 22.623728424153285,
        22.623728424153285, 85.873457117325813
      ],
      "subplot": 2,
      "legend": "100 ng/ml"
    }
  },
  "control": {
    "input": {
      "LPS": { "t": [-Infinity], "f": [0] },
      "dexa": { "t": [-Infinity, -1], "f": [0, 0] },
      "wash": { "t": [-Infinity, 0], "f": [0, 1] }
    },
    "TNF": {
      "time": [0, 1, 2, 4, 6, 24],
      "mean": [
        0, 8.5574693333333336, 12.020476666666667, 15.16908, 15.732816666666666,
        46.365303333333337
      ],
      "SEM": [
        0, 8.12288643131267, 8.12288643131267, 8.12288643131267,
        8.12288643131267, 8.12288643131267
      ],
      "subplot": 2,
      "legend": "control (no LPS)"
    }
  },
  "dexa_control": {
    "input": {
      "LPS": { "t": [-Infinity, 0], "f": [0, 100] },
      "dexa": { "t": [-Infinity], "f": [0] },
      "wash": { "t": [-Infinity, 0], "f": [0, 1] }
    },
    "TNF_dexa_exp": {
      "time": [0, 1, 2, 4, 6, 24],
      "mean": [0, 0, 5.732439, 60.291255, 183.61695, 468.1097],
      "SEM": [
        0, 0, 21.62154883997599, 21.62154883997599, 21.62154883997599,
        21.62154883997599
      ],
      "subplot": 3,
      "legend": "Control (only LPS)"
    }
  },
  "low_dexa_removed_LPS": {
    "input": {
      "LPS": { "t": [-Infinity, 0], "f": [0, 100] },
      "dexa": { "t": [-Infinity,-1, 0], "f": [0, 0.3, 0] },
      "wash": { "t": [-Infinity, 0], "f": [0, 1] }
    },
    "TNF_dexa_exp": {
      "time": [0, 1, 2, 4, 6, 24],
      "mean": [0, 0, 0, 40.20361, 145.459, 319.0633],
      "SEM": [0, 0, 0, 44.22506538157927, 44.22506538157927, 44.22506538157927],
      "subplot": 3,
      "legend": "0.3 µM (removed)"
    }
  },
  "high_dexa_removed_LPS": {
    "input": {
      "LPS": { "t": [-Infinity, 0], "f": [0, 100] },
      "dexa": { "t": [-Infinity, -1, 0], "f": [0, 3, 0] },
      "wash": { "t": [-Infinity, 0], "f": [0, 1] }
    },
    "TNF_dexa_exp": {
      "time": [0, 1, 2, 4, 6, 24],
      "mean": [0, 0, 0, 5.5591443333333332, 39.03355, 92.651823333333326],
      "SEM": [
        0, 0, 0, 6.3157842100481458, 6.3157842100481458, 6.3157842100481458
      ],
      "subplot": 3,
      "legend": "3 µM (removed)"
    }
  },
  "low_dexa_LPS": {
    "input": {
      "LPS": { "t": [-Infinity, 0], "f": [0, 100] },
      "dexa": { "t": [-Infinity, -1], "f": [0, 0.3] },
      "wash": { "t": [-Infinity, 0], "f": [0, 1] }
    },
    "TNF_dexa_exp": {
      "time": [0, 1, 2, 4, 6, 24],
      "mean": [0, 0, 0, 13.451250333333334, 36.72428, 51.392770000000006],
      "SEM": [
        0, 0, 0, 5.1215103889059153, 5.1215103889059153, 5.1215103889059153
      ],
      "subplot": 3,
      "legend": "0.3 µM"
    }
  },
  "high_dexa_LPS": {
    "input": {
      "LPS": { "t": [-Infinity, 0], "f": [0, 100] },
      "dexa": { "t": [-Infinity, -1], "f": [0, 3] },
      "wash": { "t": [-Infinity, 0], "f": [0, 1] }
    },
    "TNF_dexa_exp": {
      "time": [0, 1, 2, 4, 6, 24],
      "mean": [0, 0, 0, 3.937876, 16.715700000000002, 26.585543333333334],
      "SEM": [
        0, 0, 0, 2.9434599502560381, 2.9434599502560381, 2.9434599502560381
      ],
      "subplot": 3,
      "legend": "0.3 µM"
    }
  }
}
